iter	Logloss
0	0.6002454167
1	0.5241394014
