Model,ROC_AUC,F1_Score,Runtime
KNN,0.951388888888889,0.9844126476939552,0.14
