Model,Estimator,ROC_AUC,F1_Score,Runtime
KNN,11,0.5981882736331547,0.9465634756021338,57.32
Random Forest,116,0.9117236775962801,0.9996251092650621,40.514
