iter	Logloss
0	0.3649780261
1	0.2002273902
2	0.1073516387
3	0.06107366183
