iter	Logloss
0	0.6015449735
1	0.5255448114
2	0.4619809851
3	0.4083105536
4	0.3627151504
